Rank,Model,Overall Score
1,Claude Sonnet 4.5,58.84164074369288
2,Qwen2.5:7b,54.6781287898405
3,Gemma3:4b,54.40193083662158
